{"widths": ["Original Graph", 16, 14, 12, 10, 8, 6, 4, 2], "TensorRT Accuracy": [90.89, 10.0, 90.88000000000001, 90.89, 90.93, 90.89, 90.96, 90.91, 78.18], "TensorRT Latency": [0.14894962310791016, 0.1908224105834961, 0.1845447540283203, 0.2062204360961914, 0.21309947967529297, 0.15876502990722657, 0.1649637222290039, 0.14608192443847656, 0.17851600646972657], "Run Model Accuracy": [0.9305555555555556, 0.9305555555555556, 0.9305555555555556, 0.9305555555555556, 0.9305555555555556, 0.9305555555555556, 0.9305555555555556, 0.9305555555555556, 0.7638888888888888], "Run Model Latency": [0.02448778682284885, 0.020468261506822374, 0.009569565455118815, 0.009327967961629232, 0.009317636489868164, 0.008875846862792969, 0.008468892839219835, 0.008374293645222982, 0.00806752840677897], "pass_args": {"by": "name", "default": {"config": {"name": null}}, "classifier_0": {"config": {"name": "integer", "data_in_width": 2, "data_in_frac_width": 4, "weight_width": 2, "weight_frac_width": 4, "bias_width": 2, "bias_frac_width": 4}, "fake": "True"}}}