{"widths": ["Original Graph", 16, 14, 12, 10, 8, 6, 4, 2], "TensorRT Accuracy": [10.54, 10.02, 9.83, 10.0, 12.11, 26.290000000000003, 23.189999999999998, 9.4], "TensorRT Latency": [0.7228952407836914, 0.7782861709594727, 0.7886960983276367, 0.8939325332641601, 0.8718784332275391, 0.7960611343383789, 0.8180929183959961, 0.8477108001708984], "Run Model Accuracy": [0.9166666666666666, 0.2777777777777778, 0.2777777777777778, 0.2916666666666667, 0.2777777777777778, 0.2777777777777778, 0.2916666666666667, 0.3055555555555556, 0.06944444444444445], "Run Model Latency": [0.02777531411912706, 0.05585675769382053, 0.0242764949798584, 0.026326974232991535, 0.023523860507541232, 0.027939663992987737, 0.026253912183973525, 0.0313767327202691, 0.023081011242336698], "pass_args": {"by": "type", "default": {"config": {"name": null}}, "linear": {"config": {"name": "integer", "data_in_width": 6, "data_in_frac_width": 4, "weight_width": 6, "weight_frac_width": 4, "bias_width": 6, "bias_frac_width": 4}, "fake": false}, "conv2d": {"config": {"name": "integer", "data_in_width": 2, "data_in_frac_width": 4, "weight_width": 2, "weight_frac_width": 4, "bias_width": 2, "bias_frac_width": 4}, "fake": true}}, "calibration": false, "by": "type", "structure": "onlyConv", "fake": "fake", "calibration_str": "calibration"}