{"widths": ["Original Graph", 16, 14, 12, 8, 6, 4, 2], "TensorRT Accuracy": [90.78, 10.0, 90.74, 90.75, 90.78, 90.81, 90.34, 16.61], "TensorRT Latency": [0.14146766662597654, 0.22886905670166016, 0.22931842803955077, 0.16712779998779295, 0.15485706329345703, 0.1952911376953125, 0.17998924255371096, 0.18097076416015623], "Run Model Accuracy": [0.875, 0.875, 0.875, 0.875, 0.875, 0.8611111111111112, 0.8888888888888888, 0.19444444444444445], "Run Model Latency": [0.050265100267198354, 0.010522021187676324, 0.007203022638956706, 0.006278620825873481, 0.0061409738328721784, 0.006515449947781033, 0.006973981857299805, 0.005971087349785699], "pass_args": {"by": "name", "default": {"config": {"name": null}}, "classifier_0": {"config": {"name": "integer", "data_in_width": 2, "data_in_frac_width": 4, "weight_width": 2, "weight_frac_width": 4, "bias_width": 2, "bias_frac_width": 4}, "fake": "True"}}}