{"widths": ["Original Graph", 8], "TensorRT Accuracy": [92.07, 92.03], "TensorRT Latency": [0.17082290649414061, 0.1671842575073242], "Run Model Accuracy": [0.9305555555555556, 0.9305555555555556], "Run Model Latency": [0.04352397388882107, 0.018008444044325087], "pass_args": {"by": "name", "default": {"config": {"name": null}}, "classifier_0": {"config": {"name": "integer", "data_in_width": 8, "data_in_frac_width": 4, "weight_width": 8, "weight_frac_width": 4, "bias_width": 8, "bias_frac_width": 4}, "fake": "True"}}}