{"widths": ["Original Graph", 16, 14, 12, 10, 8, 6, 4, 2], "TensorRT Accuracy": [10.0, 89.18, 89.17, 89.2, 89.19, 89.25, 89.29, 78.97999999999999], "TensorRT Latency": [0.20780677795410155, 0.19164867401123048, 0.19158992767333985, 0.20880966186523436, 0.1659393310546875, 0.17736377716064453, 0.23685779571533205, 0.2140565872192383], "Run Model Accuracy": [0.8888888888888888, 0.8888888888888888, 0.8888888888888888, 0.8888888888888888, 0.8888888888888888, 0.8888888888888888, 0.8888888888888888, 0.8888888888888888, 0.8472222222222222], "Run Model Latency": [0.04941945605807834, 0.01970741483900282, 0.007882992426554361, 0.008233838611178927, 0.007993300755818685, 0.00762788454691569, 0.00753829214307997, 0.008453660541110568, 0.00846711794535319], "pass_args": {"by": "name", "default": {"config": {"name": null}}, "classifier_0": {"config": {"name": "integer", "data_in_width": 2, "data_in_frac_width": 4, "weight_width": 2, "weight_frac_width": 4, "bias_width": 2, "bias_frac_width": 4}, "fake": "True", "calibration_method": "histogram"}}}