{"widths": ["Original Graph", 16, 14, 12, 8, 6, 4, 2], "TensorRT Accuracy": [11.19, 11.110000000000001, 11.3, 10.72, 16.91, 16.7, 10.0], "TensorRT Latency": [0.28506984710693356, 0.3295713424682617, 0.3218696594238281, 0.33805694580078127, 0.2956134796142578, 0.3026487350463867, 0.3170974731445313], "Run Model Accuracy": [0.9027777777777778, 0.9027777777777778, 0.9027777777777778, 0.9027777777777778, 0.9027777777777778, 0.9027777777777778, 0.9027777777777778, 0.9027777777777778], "Run Model Latency": [0.02385666635301378, 0.02385666635301378, 0.02385666635301378, 0.02385666635301378, 0.02385666635301378, 0.02385666635301378, 0.02385666635301378, 0.02385666635301378], "pass_args": {"by": "type", "default": {"config": {"name": null}}, "linear": {"config": {"name": "integer", "data_in_width": 2, "data_in_frac_width": 4, "weight_width": 2, "weight_frac_width": 4, "bias_width": 2, "bias_frac_width": 4}, "fake": false}, "conv2d": {"config": {"name": "integer", "data_in_width": 6, "data_in_frac_width": 4, "weight_width": 6, "weight_frac_width": 4, "bias_width": 6, "bias_frac_width": 4}, "fake": true}}}