{"widths": ["Original Graph", 16, 14, 12, 10, 8, 6, 4, 2], "TensorRT Accuracy": [10.36, 10.25, 10.35, 10.870000000000001, 17.19, 16.689999999999998, 14.74, 9.569999999999999], "TensorRT Latency": [0.36005439758300783, 0.4134462356567383, 0.43002681732177733, 0.40695171356201176, 0.37378673553466796, 0.4135782241821289, 0.4537759780883789, 0.4703559875488281], "Run Model Accuracy": [0.8472222222222222, 0.1527777777777778, 0.1388888888888889, 0.1388888888888889, 0.1111111111111111, 0.1111111111111111, 0.125, 0.125, 0.08333333333333333], "Run Model Latency": [0.03291678428649902, 0.03225694762335883, 0.023324330647786457, 0.02766850259568956, 0.029478126102023654, 0.04180841975741916, 0.0413054625193278, 0.023470693164401583, 0.030473338233100042], "pass_args": {"by": "type", "default": {"config": {"name": null}}, "linear": {"config": {"name": "integer", "data_in_width": 6, "data_in_frac_width": 4, "weight_width": 6, "weight_frac_width": 4, "bias_width": 6, "bias_frac_width": 4}, "fake": false}, "conv2d": {"config": {"name": "integer", "data_in_width": 2, "data_in_frac_width": 4, "weight_width": 2, "weight_frac_width": 4, "bias_width": 2, "bias_frac_width": 4}, "fake": true}}, "calibration": true, "by": "type", "structure": "onlyConv", "fake": "fake"}