{"widths": ["Original Graph", 10, 8, 6, 4, 2], "TensorRT Accuracy": [91.86, 9.62, 62.43, 89.11, 89.91, 40.760000000000005], "TensorRT Latency": [0.13445568084716797, 0.25617942810058597, 0.2574766159057617, 0.22871131896972657, 0.2388683319091797, 0.26529254913330075], "Run Model Accuracy": [0.9166666666666666, 0.9166666666666666, 0.9166666666666666, 0.9166666666666666, 0.9166666666666666, 0.9027777777777778, 0.3611111111111111], "Run Model Latency": [0.036820676591661244, 0.0018056233723958333, 0.01874338255988227, 0.01424921883477105, 0.012267722023857964, 0.01362842983669705, 0.0134733517964681], "pass_args": {"by": "type", "default": {"config": {"name": null}}, "linear": {"config": {"name": "integer", "data_in_width": 2, "data_in_frac_width": 4, "weight_width": 2, "weight_frac_width": 4, "bias_width": 2, "bias_frac_width": 4}, "fake": true}}, "calibration": false, "by": "type", "structure": "onlylinear", "fake": "fake"}