{"widths": ["Original Graph", 16, 14, 12, 10, 8, 6, 4, 2], "TensorRT Accuracy": [9.99, 9.99, 9.98, 10.0, 12.34, 28.87, 26.119999999999997, 9.47], "TensorRT Latency": [0.8028522491455078, 0.8679479598999024, 0.7792612075805664, 0.9530378341674804, 0.8638187408447265, 0.7356405258178711, 0.8006227493286132, 0.714999771118164], "Run Model Accuracy": [0.8888888888888888, 0.3333333333333333, 0.3333333333333333, 0.3194444444444444, 0.3055555555555556, 0.3333333333333333, 0.3194444444444444, 0.2638888888888889, 0.05555555555555555], "Run Model Latency": [0.019840558369954426, 0.08527946472167969, 0.030086040496826172, 0.02893715434604221, 0.03105759620666504, 0.021380636427137587, 0.025030506981743708, 0.028218958112928603, 0.02747919824388292], "pass_args": {"by": "type", "default": {"config": {"name": null}}, "linear": {"config": {"name": "integer", "data_in_width": 6, "data_in_frac_width": 4, "weight_width": 6, "weight_frac_width": 4, "bias_width": 6, "bias_frac_width": 4}, "fake": false}, "conv2d": {"config": {"name": "integer", "data_in_width": 2, "data_in_frac_width": 4, "weight_width": 2, "weight_frac_width": 4, "bias_width": 2, "bias_frac_width": 4}, "fake": true}}, "calibration": false, "by": "type", "structure": "onlyConv", "fake": "fake"}