{"widths": ["Original Graph", 8], "TensorRT Accuracy": [91.63, 10.0], "TensorRT Latency": [0.18670730590820314, 0.12636299133300782], "Run Model Accuracy": [0.9027777777777778, 0.9166666666666666], "Run Model Latency": [0.02595074971516927, 0.018888923856947158], "pass_args": {"by": "name", "default": {"config": {"name": null}}, "classifier_0": {"config": {"name": "integer", "data_in_width": 8, "data_in_frac_width": 4, "weight_width": 8, "weight_frac_width": 4, "bias_width": 8, "bias_frac_width": 4}, "fake": "False"}}}