{"widths": ["Original Graph", 16, 14, 12, 8, 6, 4, 2], "TensorRT Accuracy": [10.0, 10.56, 9.42, 10.77, 16.64, 16.71, 10.0], "TensorRT Latency": [1.2699398040771486, 0.5270196914672851, 0.4720674514770508, 0.4628454208374023, 0.40805587768554685, 0.4970380783081054, 0.49247722625732426], "Run Model Accuracy": [0.875, 0.18055555555555555, 0.1111111111111111, 0.1527777777777778, 0.16666666666666666, 0.1527777777777778, 0.125, 0.09722222222222222], "Run Model Latency": [0.03502562310960558, 0.057921409606933594, 0.04928302764892578, 0.047477377785576716, 0.05104306009080675, 0.05112534099155002, 0.04290898640950521, 0.056541999181111656], "pass_args": {"by": "type", "default": {"config": {"name": null}}, "linear": {"config": {"name": "integer", "data_in_width": 2, "data_in_frac_width": 4, "weight_width": 2, "weight_frac_width": 4, "bias_width": 2, "bias_frac_width": 4}, "fake": false}, "conv2d": {"config": {"name": "integer", "data_in_width": 6, "data_in_frac_width": 4, "weight_width": 6, "weight_frac_width": 4, "bias_width": 6, "bias_frac_width": 4}, "fake": true}}}