{"widths": ["Original Graph", 10, 8, 6, 4, 2], "TensorRT Accuracy": [9.29, 63.99, 88.22, 89.91, 40.88], "TensorRT Latency": [0.28714866638183595, 0.2501993179321289, 0.24612483978271485, 0.24258346557617186, 0.24341373443603515], "Run Model Accuracy": [0.875, 0.8472222222222222, 0.8472222222222222, 0.8611111111111112, 0.8472222222222222, 0.3333333333333333], "Run Model Latency": [0.05179418457878961, 0.015622880723741319, 0.01428275638156467, 0.01321954197353787, 0.014568196402655708, 0.010691907670762803], "pass_args": {"by": "type", "default": {"config": {"name": null}}, "linear": {"config": {"name": "integer", "data_in_width": 2, "data_in_frac_width": 4, "weight_width": 2, "weight_frac_width": 4, "bias_width": 2, "bias_frac_width": 4}, "fake": true}}, "calibration": false, "by": "type", "structure": "onlyConv", "fake": "fake"}