{"widths": ["Original Graph", 16, 14, 12, 10, 8, 6, 4, 2], "TensorRT Accuracy": [11.65, 10.0, 10.0, 11.73, 23.5, 24.66, 24.709999999999997, 14.14], "TensorRT Latency": [0.7572578430175781, 0.7912155151367187, 0.7848556518554688, 0.8666181564331055, 0.8383893966674805, 0.7930891036987304, 0.8345582962036133, 0.7278015136718751], "Run Model Accuracy": [0.875, 0.2777777777777778, 0.2777777777777778, 0.2777777777777778, 0.2777777777777778, 0.2638888888888889, 0.2777777777777778, 0.3055555555555556, 0.1111111111111111], "Run Model Latency": [0.028910848829481337, 0.05789311726888021, 0.028526703516642254, 0.02353511916266547, 0.023120588726467557, 0.02974708875020345, 0.024367014567057293, 0.0246073669857449, 0.023621850543551974], "pass_args": {"by": "type", "default": {"config": {"name": null}}, "linear": {"config": {"name": "integer", "data_in_width": 2, "data_in_frac_width": 4, "weight_width": 2, "weight_frac_width": 4, "bias_width": 2, "bias_frac_width": 4}, "fake": false}, "conv2d": {"config": {"name": "integer", "data_in_width": 6, "data_in_frac_width": 4, "weight_width": 6, "weight_frac_width": 4, "bias_width": 6, "bias_frac_width": 4}, "fake": true}}}