{"widths": ["Original Graph", 10, 8, 6, 4, 2], "TensorRT Accuracy": [90.32, 10.0, 10.24, 28.96, 25.61, 9.6], "TensorRT Latency": [0.1324464797973633, 0.6241802215576172, 0.6391998291015625, 0.6643184661865235, 0.7286064147949218, 0.7086299896240235], "Run Model Accuracy": [0.8472222222222222, 0.8472222222222222, 0.2916666666666667, 0.2916666666666667, 0.3055555555555556, 0.3194444444444444, 0.09722222222222222], "Run Model Latency": [0.02519687016805013, 0.0020148754119873047, 0.02445342805650499, 0.015072027842203775, 0.016840669843885634, 0.015742354922824435, 0.017131831910875108], "pass_args": {"by": "type", "default": {"config": {"name": null}}, "conv2d": {"config": {"name": "integer", "data_in_width": 2, "data_in_frac_width": 4, "weight_width": 2, "weight_frac_width": 4, "bias_width": 2, "bias_frac_width": 4}, "fake": true}}, "calibration": false, "by": "type", "structure": "onlyconv", "fake": "fake"}